"Poising Attack percentage","Machine learning Algorithm","Hyperparameter Best-Values",Accuracy,Recall,Perception,F1-Score,,,,,,,,,,,,,,,,,,,
,"RFC

","  n_estimators=100,
  max_depth=5,
  min_samples_split=2,
  min_samples_leaf=1,

","Training Accuracy RFC: 0.981
Testing Accuracy  RFC : 0.982










",0.98,0.98,0.98,,,,,,,,,,,,,,,,,,,
0.007,,,"Training Accuracy RFC: 0.975
Testing Accuracy  RFC : 0.982
",0.98,0.98,0.98,,,,,,,,,,,,,,,,,,,
0.01,,,"Training Accuracy RFC: 0.972
Testing Accuracy  RFC : 0.982
",0.98,0.98,0.98,,,,,,,,,,,,,,,,,,,
0.015,,,"Training Accuracy RFC: 0.968
Testing Accuracy  RFC : 0.982
",0.98,0.98,0.98,,,,,,,,,,,,,,,,,,,
0.03,,,"Training Accuracy RFC: 0.961
Testing Accuracy  RFC : 0.982
",0.98,0.98,0.98,,,,,,,,,,,,,,,,,,,
0.035,,,"Training Accuracy RFC:  0.948
Testing Accuracy  RFC : 0.982
",0.98,0.98,0.98,,,,,,,,,,,,,,,,,,,
0.04,,,"Training Accuracy RFC:  0.948
Testing Accuracy  RFC : 0.982
",0.98,0.98,0.98,,,,,,,,,,,,,,,,,,,
,,,,,,,,,,,,,,,,,,,,,,,,,
,,,,,,,,,,,,,,,,,,,,,,,,,
,XGBOOST,"'n_estimators': [50, 100, 200],
  'learning_rate': [0.1, 0.01, 0.2],
  'max_depth': [3, 5, 7]

","Training Accuracy 0.981
Testing Accuracy : 0.980
",0.98,0.98,0.98,,,,,,,,,,,,,,,,,,,
0.007,,,"Training Accuracy  0.974
Testing Accuracy : 0.980
",0.98,0.98,0.98,,,,,,,,,,,,,,,,,,,
0.01,,,"Training Accuracy  0.972
Testing Accuracy : 0.982
",0.98,0.98,0.98,,,,,,,,,,,,,,,,,,,
0.015,,,"Training Accuracy  0.966
Testing Accuracy : 0.980
",0.98,0.98,0.98,,,,,,,,,,,,,,,,,,,
0.03,,,"Training Accuracy  0.952
Testing Accuracy : 0.981
",0.98,0.98,0.98,,,,,,,,,,,,,,,,,,,
0.035,,,"Training Accuracy  0.946
Testing Accuracy : 0.980
",0.98,0.98,0.98,,,,,,,,,,,,,,,,,,,
0.04,,,"Training Accuracy 0.942
Testing Accuracy : 0.981
",0.98,0.98,0.98,,,,,,,,,,,,,,,,,,,
,,,,,,,,,,,,,,,,,,,,,,,,,
,,,,,,,,,,,,,,,,,,,,,,,,,
,"SVM
","kernel='rbf', C=1.0, gamma='scale'
","Training Accuracy 0.964
Testing Accuracy : 0.962
",0.98,0.98,0.98,,,,,,,,,,,,,,,,,,,
0.007,,,"Training Accuracy 0.959
Testing Accuracy : 0.965
",0.96,0.96,0.96,,,,,,,,,,,,,,,,,,,
0.01,,,"Training Accuracy 0.956
Testing Accuracy : 0.962
",0.96,0.96,0.96,,,,,,,,,,,,,,,,,,,
0.015,,,"Training Accuracy 0.949
Testing Accuracy : 0.960
",0.96,0.96,0.96,,,,,,,,,,,,,,,,,,,
0.03,,,"Training Accuracy 0.937
Testing Accuracy : 0.962
",0.96,0.96,0.96,,,,,,,,,,,,,,,,,,,
0.035,,,"Training Accuracy 0.934
Testing Accuracy : 0.964
",0.97,0.96,0.96,,,,,,,,,,,,,,,,,,,
0.04,,,"raining Accuracy 0.930
Testing Accuracy : 0.965
",0.97,0.97,0.97,,,,,,,,,,,,,,,,,,,
,,,,,,,,,,,,,,,,,,,,,,,,,
,,,,,,,,,,,,,,,,,,,,,,,,,
,"Logistic Regression","max_iter=10000, random_state=0
","Training Accuracy 0.980
Testing Accuracy : 0.979
",0.98,0.98,0.98,,,,,,,,,,,,,,,,,,,
0.007,,,"Training Accuracy 0.969
Testing Accuracy : 0.975
",0.98,0.98,0.98,,,,,,,,,,,,,,,,,,,
0.01,,,"Training Accuracy 0.966
Testing Accuracy : 0.975
",0.98,0.98,0.98,,,,,,,,,,,,,,,,,,,
0.015,,,"Training Accuracy 0.961
Testing Accuracy : 0.975
",0.98,0.98,0.98,,,,,,,,,,,,,,,,,,,
0.03,,,"Training Accuracy 0.945
Testing Accuracy : 0.973
",0.97,0.97,0.97,,,,,,,,,,,,,,,,,,,
0.035,,,"Training Accuracy 0.942
Testing Accuracy : 0.972
",0.97,0.97,0.97,,,,,,,,,,,,,,,,,,,
0.04,,,"Training Accuracy 0.935
Testing Accuracy : 0.973
",0.97,0.97,0.97,,,,,,,,,,,,,,,,,,,
,,,,,,,,,,,,,,,,,,,,,,,,,
,,,,,,,,,,,,,,,,,,,,,,,,,
,LightGBM,"    n_estimators=500,
    learning_rate=0.05,
    max_depth=-1,
    num_leaves=31,
    random_state=42
","Training Accuracy 0.989
Testing Accuracy : 0.977
",0.98,0.98,0.98,,,,,,,,,,,,,,,,,,,
0.007,,,"Training Accuracy 0.983
Testing Accuracy : 0.979
",0.98,0.98,0.98,,,,,,,,,,,,,,,,,,,
0.01,,,"Training Accuracy 0.980
Testing Accuracy : 0.975
",0.98,0.98,0.98,,,,,,,,,,,,,,,,,,,
0.015,,,"Training Accuracy 0.979
Testing Accuracy : 0.977
",0.98,0.98,0.98,,,,,,,,,,,,,,,,,,,
0.03,,,"Training Accuracy 0.966
Testing Accuracy : 0.978
",0.98,0.98,0.98,,,,,,,,,,,,,,,,,,,
0.035,,,"Training Accuracy 0.959
Testing Accuracy : 0.982
",0.98,0.98,0.98,,,,,,,,,,,,,,,,,,,
0.04,,,"Training Accuracy 0.955
Testing Accuracy : 0.978
",0.98,0.98,0.98,,,,,,,,,,,,,,,,,,,
,,,,,,,,,,,,,,,,,,,,,,,,,
,,,,,,,,,,,,,,,,,,,,,,,,,
,"Naïve Bayes","var_smoothing=1e-10

","Training Accuracy 0.977
Testing Accuracy : 0.977
",0.98,0.98,0.98,,,,,,,,,,,,,,,,,,,
0.007,,,"Training Accuracy 0.965
Testing Accuracy : 0.973
",0.97,0.97,0.97,,,,,,,,,,,,,,,,,,,
0.01,,,"Training Accuracy 0.962
Testing Accuracy : 0.973
",0.97,0.97,0.97,,,,,,,,,,,,,,,,,,,
0.015,,,"Training Accuracy 0.957
Testing Accuracy : 0.973
",0.97,0.97,0.97,,,,,,,,,,,,,,,,,,,
0.03,,,"Training Accuracy 0.943
Testing Accuracy : 0.972
",0.97,0.97,0.97,,,,,,,,,,,,,,,,,,,
0.035,,,"Training Accuracy 0.938
Testing Accuracy : 0.971
",0.97,0.97,0.97,,,,,,,,,,,,,,,,,,,
0.04,,,"Training Accuracy 0.932
Testing Accuracy : 0.971
",0.97,0.97,0.97,,,,,,,,,,,,,,,,,,,
,,,,,,,,,,,,,,,,,,,,,,,,,
,,,,,,,,,,,,,,,,,,,,,,,,,
,,,,,,,,,,,,,,,,,,,,,,,,,
,,,,,,,,,,,,,,,,,,,,,,,,,
,,,,,,,,,,,,,,,,,,,,,,,,,
,,,,,,,,,,,,,,,,,,,,,,,,,
,,,,,,,,,,,,,,,,,,,,,,,,,
,,,,,,,,,,,,,,,,,,,,,,,,,
,,,,,,,,,,,,,,,,,,,,,,,,,
,,,,,,,,,,,,,,,,,,,,,,,,,
,,,,,,,,,,,,,,,,,,,,,,,,,
,,,,,,,,,,,,,,,,,,,,,,,,,
,,,,,,,,,,,,,,,,,,,,,,,,,
,,,,,,,,,,,,,,,,,,,,,,,,,
,,,,,,,,,,,,,,,,,,,,,,,,,
,,,,,,,,,,,,,,,,,,,,,,,,,
,,,,,,,,,,,,,,,,,,,,,,,,,
,,,,,,,,,,,,,,,,,,,,,,,,,
,,,,,,,,,,,,,,,,,,,,,,,,,
,,,,,,,,,,,,,,,,,,,,,,,,,
,,,,,,,,,,,,,,,,,,,,,,,,,
,,,,,,,,,,,,,,,,,,,,,,,,,
,,,,,,,,,,,,,,,,,,,,,,,,,
,,,,,,,,,,,,,,,,,,,,,,,,,
,,,,,,,,,,,,,,,,,,,,,,,,,
,,,,,,,,,,,,,,,,,,,,,,,,,
,,,,,,,,,,,,,,,,,,,,,,,,,
,,,,,,,,,,,,,,,,,,,,,,,,,
,,,,,,,,,,,,,,,,,,,,,,,,,
,,,,,,,,,,,,,,,,,,,,,,,,,
,,,,,,,,,,,,,,,,,,,,,,,,,
,,,,,,,,,,,,,,,,,,,,,,,,,
,,,,,,,,,,,,,,,,,,,,,,,,,
,,,,,,,,,,,,,,,,,,,,,,,,,
,,,,,,,,,,,,,,,,,,,,,,,,,
,,,,,,,,,,,,,,,,,,,,,,,,,
,,,,,,,,,,,,,,,,,,,,,,,,,
,,,,,,,,,,,,,,,,,,,,,,,,,
,,,,,,,,,,,,,,,,,,,,,,,,,
,,,,,,,,,,,,,,,,,,,,,,,,,
,,,,,,,,,,,,,,,,,,,,,,,,,
,,,,,,,,,,,,,,,,,,,,,,,,,
,,,,,,,,,,,,,,,,,,,,,,,,,
,,,,,,,,,,,,,,,,,,,,,,,,,
,,,,,,,,,,,,,,,,,,,,,,,,,
,,,,,,,,,,,,,,,,,,,,,,,,,
,,,,,,,,,,,,,,,,,,,,,,,,,
